{
  "id": "1823210",
  "name": "QQ播放器",
  "font_family": "iconfont",
  "css_prefix_text": "icon-",
  "description": "",
  "glyphs": [
    {
      "icon_id": "6472703",
      "name": "复选框",
      "font_class": "fuxuankuang",
      "unicode": "e6dd",
      "unicode_decimal": 59101
    },
    {
      "icon_id": "5330418",
      "name": "随机",
      "font_class": "suiji",
      "unicode": "e788",
      "unicode_decimal": 59272
    },
    {
      "icon_id": "5876981",
      "name": "列表顺序",
      "font_class": "liebiaoshunxu",
      "unicode": "e802",
      "unicode_decimal": 59394
    },
    {
      "icon_id": "485763",
      "name": "收 藏",
      "font_class": "shoucang",
      "unicode": "e60f",
      "unicode_decimal": 58895
    },
    {
      "icon_id": "785058",
      "name": "下载",
      "font_class": "xiazai",
      "unicode": "e675",
      "unicode_decimal": 58997
    },
    {
      "icon_id": "936767",
      "name": "删除",
      "font_class": "shanchu",
      "unicode": "e630",
      "unicode_decimal": 58928
    },
    {
      "icon_id": "1115023",
      "name": "播放",
      "font_class": "bofang",
      "unicode": "e60e",
      "unicode_decimal": 58894
    },
    {
      "icon_id": "2076265",
      "name": "评论",
      "font_class": "pinglun",
      "unicode": "e891",
      "unicode_decimal": 59537
    },
    {
      "icon_id": "2767706",
      "name": "声音",
      "font_class": "icon-",
      "unicode": "e649",
      "unicode_decimal": 58953
    },
    {
      "icon_id": "5876278",
      "name": "下一曲",
      "font_class": "xiayiqu",
      "unicode": "e7ff",
      "unicode_decimal": 59391
    },
    {
      "icon_id": "5876279",
      "name": "上一曲",
      "font_class": "shangyiqu",
      "unicode": "e800",
      "unicode_decimal": 59392
    },
    {
      "icon_id": "6956934",
      "name": "播放",
      "font_class": "bofang1",
      "unicode": "e63a",
      "unicode_decimal": 58938
    },
    {
      "icon_id": "8103413",
      "name": "收藏",
      "font_class": "danseshixintubiao-",
      "unicode": "e62e",
      "unicode_decimal": 58926
    },
    {
      "icon_id": "9520037",
      "name": "清空",
      "font_class": "qingkong",
      "unicode": "e6dc",
      "unicode_decimal": 59100
    },
    {
      "icon_id": "11177667",
      "name": "循环",
      "font_class": "ziyuan",
      "unicode": "e617",
      "unicode_decimal": 58903
    },
    {
      "icon_id": "14719399",
      "name": "添加  增加   加",
      "font_class": "tianjiazengjiajia",
      "unicode": "e609",
      "unicode_decimal": 58889
    }
  ]
}
